key,diploma,kind,label,name,subtitle,since,until,status,urn
cf,cf,diploma,CF/88,Constituição Federal,Constituição da República Federativa do Brasil de 1988,1988,,revisado,urn:lex:br:federal:constituicao:1988-10-05;1988
cf/titulo-i,cf,titulo,Título I,Título I - Princípios Fundamentais,Arts. 1º a 4º,1988,,revisado,
cf/titulo-ii,cf,titulo,Título II,Título II - Direitos e Garantias Fundamentais,Arts. 5º a 17,1988,,revisado,
cf/titulo-ii/cap-i,cf,capitulo,Cap. I,Capítulo I - Individuais e Coletivos,Art. 5º,1988,,revisado,
cf/titulo-ii/cap-ii,cf,capitulo,Cap. II,Capítulo II - Direitos Sociais,Arts. 6º a 11,1988,,revisado,
cf/titulo-ii/cap-iii,cf,capitulo,Cap. III,Capítulo III - Nacionalidade,Arts. 12 e 13,1988,,revisado,
cf/titulo-ii/cap-iv,cf,capitulo,Cap. IV,Capítulo IV - Direitos Políticos,Arts. 14 a 16,1988,,revisado,
cf/titulo-ii/cap-v,cf,capitulo,Cap. V,Capítulo V - Partidos Políticos,Art. 17,1988,,revisado,
cf/titulo-iii,cf,titulo,Título III,Título III - Organização do Estado,Arts. 18 a 43,1988,,revisado,
cf/titulo-iii/cap-i,cf,capitulo,Cap. I,Capítulo I - Org. Político-Administrativa,Arts. 18 e 19,1988,,revisado,
cf/titulo-iii/cap-ii,cf,capitulo,Cap. II,Capítulo II - Da União,Arts. 20 a 24,1988,,revisado,
cf/titulo-iii/cap-iii,cf,capitulo,Cap. III,Capítulo III - Dos Estados Federados,Arts. 25 a 28,1988,,revisado,
cf/titulo-iii/cap-iv,cf,capitulo,Cap. IV,Capítulo IV - Dos Municípios,Arts. 29 a 31,1988,,revisado,
cf/titulo-iii/cap-v-e-vi,cf,capitulo,Cap. V e VI,"Capítulo V e VI - DF, Territórios e Intervenção",Arts. 32 a 36,1988,,revisado,
cf/titulo-iii/cap-vii,cf,capitulo,Cap. VII,Capítulo VII - Administração Pública,Arts. 37 a 43,1988,,revisado,
cf/titulo-iv,cf,titulo,Título IV,Título IV - Organização dos Poderes,Arts. 44 a 135,1988,,revisado,
cf/titulo-iv/cap-i,cf,capitulo,Cap. I,Capítulo I - Poder Legislativo,Arts. 44 a 75,1988,,revisado,
cf/titulo-iv/cap-ii,cf,capitulo,Cap. II,Capítulo II - Poder Executivo,Arts. 76 a 91,1988,,revisado,
cf/titulo-iv/cap-iii,cf,capitulo,Cap. III,Capítulo III - Poder Judiciário,Arts. 92 a 126,1988,,revisado,
cf/titulo-iv/cap-iv,cf,capitulo,Cap. IV,Capítulo IV - Funções Essenciais à Justiça,Arts. 127 a 135,1988,,revisado,
cf/titulo-v,cf,titulo,Título V,Título V - Defesa do Estado e das Instituições,Arts. 136 a 144,1988,,revisado,
cf/titulo-v/cap-i,cf,capitulo,Cap. I,Capítulo I - Estado de Defesa e Sítio,Arts. 136 a 141,1988,,revisado,
cf/titulo-v/cap-ii,cf,capitulo,Cap. II,Capítulo II - Das Forças Armadas,Arts. 142 e 143,1988,,revisado,
cf/titulo-v/cap-iii,cf,capitulo,Cap. III,Capítulo III - Da Segurança Pública,Art. 144,1988,,revisado,
cf/titulo-vi,cf,titulo,Título VI,Título VI - Tributação e Orçamento,Arts. 145 a 169,1988,,revisado,
cf/titulo-vi/cap-i,cf,capitulo,Cap. I,Capítulo I - Sistema Tributário Nacional,Arts. 145 a 162,1988,,revisado,
cf/titulo-vi/cap-ii,cf,capitulo,Cap. II,Capítulo II - Das Finanças Públicas,Arts. 163 a 169,1988,,revisado,
cf/titulo-vii,cf,titulo,Título VII,Título VII - Ordem Econômica e Financeira,Arts. 170 a 192,1988,,revisado,
cf/titulo-vii/cap-i,cf,capitulo,Cap. I,Capítulo I - Princípios Gerais,Arts. 170 a 181,1988,,revisado,
cf/titulo-vii/cap-ii,cf,capitulo,Cap. II,Capítulo II - Política Urbana,Arts. 182 e 183,1988,,revisado,
cf/titulo-vii/cap-iii,cf,capitulo,Cap. III,Capítulo III - Política Agrícola e Fundiária,Arts. 184 a 191,1988,,revisado,
cf/titulo-vii/cap-iv,cf,capitulo,Cap. IV,Capítulo IV - Sistema Financeiro Nacional,Art. 192,1988,,revisado,
cf/titulo-viii,cf,titulo,Título VIII,Título VIII - Da Ordem Social,Arts. 193 a 232,1988,,revisado,
cf/titulo-viii/cap-i-e-ii,cf,capitulo,Cap. I e II,Capítulo I e II - Base e Seguridade Social,Arts. 193 a 204,1988,,revisado,
cf/titulo-viii/cap-iii,cf,capitulo,Cap. III,"Capítulo III - Educação, Cultura e Desporto",Arts. 205 a 217,1988,,revisado,
cf/titulo-viii/cap-iv-viii,cf,capitulo,Cap. IV-VIII,Capítulos IV a VIII - Diversos,Arts. 218 a 232,1988,,revisado,
cf/titulo-ix,cf,titulo,Título IX,Título IX - Disposições Gerais,Arts. 233 a 250,1988,,revisado,
cf/adct,cf,divisao,ADCT,ADCT,Ato das Disposições,1988,,revisado,
cc,cc,diploma,CC,Código Civil,"Lei nº 10.406, de 10 de janeiro de 2002",2002,,revisado,urn:lex:br:federal:lei:2002-01-10;10406
cc/parte-geral,cc,parte,Parte Geral,Parte Geral,Arts. 1º a 232,2002,,revisado,
cc/parte-geral/livro-i,cc,livro,Livro I,Livro I - Das Pessoas,Arts. 1º a 78,2002,,revisado,
cc/parte-geral/livro-i/titulo-i,cc,titulo,Título I,Título I - Das Pessoas Naturais,Arts. 1º a 39,2002,,revisado,
cc/parte-geral/livro-i/titulo-ii,cc,titulo,Título II,Título II - Das Pessoas Jurídicas,Arts. 40 a 69,2002,,revisado,
cc/parte-geral/livro-i/titulo-iii,cc,titulo,Título III,Título III - Do Domicílio,Arts. 70 a 78,2002,,revisado,
cc/parte-geral/livro-ii,cc,livro,Livro II,Livro II - Dos Bens,Arts. 79 a 103,2002,,revisado,
cc/parte-geral/livro-ii/titulo-i,cc,titulo,Título I,Título I - Diferentes Classes de Bens,Arts. 79 a 91,2002,,revisado,
cc/parte-geral/livro-ii/titulo-ii,cc,titulo,Título II,Título II - Bens Reciprocamente Considerados,Arts. 92 a 97,2002,,revisado,
cc/parte-geral/livro-ii/titulo-iii,cc,titulo,Título III,Título III - Dos Bens Públicos,Arts. 98 a 103,2002,,revisado,
cc/parte-geral/livro-iii,cc,livro,Livro III,Livro III - Dos Fatos Jurídicos,Arts. 104 a 232,2002,,revisado,
cc/parte-geral/livro-iii/titulo-i,cc,titulo,Título I,Título I - Do Negócio Jurídico,Arts. 104 a 184,2002,,revisado,
cc/parte-geral/livro-iii/titulo-ii,cc,titulo,Título II,Título II - Dos Atos Jurídicos Lícitos,Art. 185,2002,,revisado,
cc/parte-geral/livro-iii/titulo-iii,cc,titulo,Título III,Título III - Dos Atos Ilícitos,Arts. 186 a 188,2002,,revisado,
cc/parte-geral/livro-iii/titulo-iv,cc,titulo,Título IV,Título IV - Prescrição e Decadência,Arts. 189 a 211,2002,,revisado,
cc/parte-geral/livro-iii/titulo-v,cc,titulo,Título V,Título V - Da Prova,Arts. 212 a 232,2002,,revisado,
cc/parte-especial,cc,parte,Parte Especial,Parte Especial,Arts. 233 a 2.027,2002,,revisado,
cc/parte-especial/livro-i,cc,livro,Livro I,Livro I - Direito das Obrigações,Arts. 233 a 965,2002,,revisado,
cc/parte-especial/livro-i/titulo-i,cc,titulo,Título I,Título I - Modalidades das Obrigações,Arts. 233 a 285,2002,,revisado,
cc/parte-especial/livro-i/titulo-ii,cc,titulo,Título II,Título II - Transmissão das Obrigações,Arts. 286 a 303,2002,,revisado,
cc/parte-especial/livro-i/titulo-iii,cc,titulo,Título III,Título III - Adimplemento e Extinção,Arts. 304 a 388,2002,,revisado,
cc/parte-especial/livro-i/titulo-iv,cc,titulo,Título IV,Título IV - Inadimplemento,Arts. 389 a 420,2002,,revisado,
cc/parte-especial/livro-i/titulo-v,cc,titulo,Título V,Título V - Contratos em Geral,Arts. 421 a 480,2002,,revisado,
cc/parte-especial/livro-i/titulo-vi,cc,titulo,Título VI,Título VI - Várias Espécies de Contrato,Arts. 481 a 853,2002,,revisado,
cc/parte-especial/livro-i/titulo-vii,cc,titulo,Título VII,Título VII - Atos Unilaterais,Arts. 854 a 886,2002,,revisado,
cc/parte-especial/livro-i/titulo-viii,cc,titulo,Título VIII,Título VIII - Títulos de Crédito,Arts. 887 a 926,2002,,revisado,
cc/parte-especial/livro-i/titulo-ix,cc,titulo,Título IX,Título IX - Responsabilidade Civil,Arts. 927 a 954,2002,,revisado,
cc/parte-especial/livro-i/titulo-x,cc,titulo,Título X,Título X - Preferências e Privilégios,Arts. 955 a 965,2002,,revisado,
cc/parte-especial/livro-ii,cc,livro,Livro II,Livro II - Direito de Empresa,Arts. 966 a 1.195,2002,,revisado,
cc/parte-especial/livro-ii/titulo-i,cc,titulo,Título I,Título I - Do Empresário,Arts. 966 a 980,2002,,revisado,
cc/parte-especial/livro-ii/titulo-ii,cc,titulo,Título II,Título II - Da Sociedade,Arts. 981 a 1.141,2002,,revisado,
cc/parte-especial/livro-ii/titulo-iii,cc,titulo,Título III,Título III - Do Estabelecimento,Arts. 1.142 a 1.149,2002,,revisado,
cc/parte-especial/livro-ii/titulo-iv,cc,titulo,Título IV,Título IV - Institutos Complementares,Arts. 1.150 a 1.195,2002,,revisado,
cc/parte-especial/livro-iii,cc,livro,Livro III,Livro III - Direito das Coisas,Arts. 1.196 a 1.510-E,2002,,revisado,
cc/parte-especial/livro-iii/titulo-i,cc,titulo,Título I,Título I - Da Posse,Arts. 1.196 a 1.224,2002,,revisado,
cc/parte-especial/livro-iii/titulo-ii,cc,titulo,Título II,Título II - Dos Direitos Reais,Arts. 1.225 a 1.227,2002,,revisado,
cc/parte-especial/livro-iii/titulo-iii,cc,titulo,Título III,Título III - Da Propriedade,Arts. 1.228 a 1.368,2002,,revisado,
cc/parte-especial/livro-iii/titulo-iv,cc,titulo,Título IV,Título IV - Da Superfície,Arts. 1.369 a 1.377,2002,,revisado,
cc/parte-especial/livro-iii/titulo-v,cc,titulo,Título V,Título V - Das Servidões,Arts. 1.378 a 1.389,2002,,revisado,
cc/parte-especial/livro-iii/titulo-vi,cc,titulo,Título VI,Título VI - Do Usufruto,Arts. 1.390 a 1.411,2002,,revisado,
cc/parte-especial/livro-iii/titulo-vii,cc,titulo,Título VII,Título VII - Do Uso,Arts. 1.412 a 1.413,2002,,revisado,
cc/parte-especial/livro-iii/titulo-viii,cc,titulo,Título VIII,Título VIII - Da Habitação,Arts. 1.414 a 1.416,2002,,revisado,
cc/parte-especial/livro-iii/titulo-ix,cc,titulo,Título IX,Título IX - Promitente Comprador,Arts. 1.417 a 1.418,2002,,revisado,
cc/parte-especial/livro-iii/titulo-x,cc,titulo,Título X,"Título X - Penhor, Hipoteca e Anticrese",Arts. 1.419 a 1.510,2002,,revisado,
cc/parte-especial/livro-iii/titulo-xi,cc,titulo,Título XI,Título XI - Do Direito de Laje,Arts. 1.510-A a 1.510-E,2017,,revisado,
cc/parte-especial/livro-iv,cc,livro,Livro IV,Livro IV - Direito de Família,Arts. 1.511 a 1.783,2002,,revisado,
cc/parte-especial/livro-iv/titulo-i,cc,titulo,Título I,Título I - Do Direito Pessoal,Arts. 1.511 a 1.638,2002,,revisado,
cc/parte-especial/livro-iv/titulo-ii,cc,titulo,Título II,Título II - Do Direito Patrimonial,Arts. 1.639 a 1.722,2002,,revisado,
cc/parte-especial/livro-iv/titulo-iii,cc,titulo,Título III,Título III - Da União Estável,Arts. 1.723 a 1.727,2002,,revisado,
cc/parte-especial/livro-iv/titulo-iv,cc,titulo,Título IV,Título IV - Tutela e Curatela,Arts. 1.728 a 1.783,2002,,revisado,
cc/parte-especial/livro-v,cc,livro,Livro V,Livro V - Direito das Sucessões,Arts. 1.784 a 2.027,2002,,revisado,
cc/parte-especial/livro-v/titulo-i,cc,titulo,Título I,Título I - Da Sucessão em Geral,Arts. 1.784 a 1.828,2002,,revisado,
cc/parte-especial/livro-v/titulo-ii,cc,titulo,Título II,Título II - Da Sucessão Legítima,Arts. 1.829 a 1.856,2002,,revisado,
cc/parte-especial/livro-v/titulo-iii,cc,titulo,Título III,Título III - Sucessão Testamentária,Arts. 1.857 a 1.990,2002,,revisado,
cc/parte-especial/livro-v/titulo-iv,cc,titulo,Título IV,Título IV - Inventário e Partilha,Arts. 1.991 a 2.027,2002,,revisado,
cc/livro-comp,cc,livro,Livro Comp.,Livro Complementar,Arts. 2.028 a 2.046,2002,,revisado,
cpc,cpc,diploma,CPC,Código de Processo Civil,"Lei nº 13.105, de 16 de março de 2015",2015,,revisado,urn:lex:br:federal:lei:2015-03-16;13105
cpc/parte-geral,cpc,parte,Parte Geral,Parte Geral,Arts. 1º a 317,2015,,revisado,
cpc/parte-geral/livro-i,cpc,livro,Livro I,Livro I - Normas Processuais Civis,Arts. 1º a 15,2015,,revisado,
cpc/parte-geral/livro-i/tit-unico,cpc,divisao,Tít. Único,Título Único,Arts. 1º a 15,2015,,revisado,
cpc/parte-geral/livro-ii,cpc,livro,Livro II,Livro II - Função Jurisdicional,Arts. 16 a 69,2015,,revisado,
cpc/parte-geral/livro-ii/titulo-i,cpc,titulo,Título I,Título I - Jurisdição e Ação,Arts. 16 a 20,2015,,revisado,
cpc/parte-geral/livro-ii/titulo-ii,cpc,titulo,Título II,Título II - Limites da Jurisdição e Cooperação,Arts. 21 a 41,2015,,revisado,
cpc/parte-geral/livro-ii/titulo-iii,cpc,titulo,Título III,Título III - Competência Interna,Arts. 42 a 69,2015,,revisado,
cpc/parte-geral/livro-iii,cpc,livro,Livro III,Livro III - Sujeitos do Processo,Arts. 70 a 187,2015,,revisado,
cpc/parte-geral/livro-iii/titulo-i,cpc,titulo,Título I,Título I - Partes e Procuradores,Arts. 70 a 112,2015,,revisado,
cpc/parte-geral/livro-iii/titulo-ii,cpc,titulo,Título II,Título II - Do Litisconsórcio,Arts. 113 a 118,2015,,revisado,
cpc/parte-geral/livro-iii/titulo-iii,cpc,titulo,Título III,Título III - Intervenção de Terceiros,Arts. 119 a 138,2015,,revisado,
cpc/parte-geral/livro-iii/titulo-iv,cpc,titulo,Título IV,Título IV - Juiz e Auxiliares,Arts. 139 a 175,2015,,revisado,
cpc/parte-geral/livro-iii/titulo-v,cpc,titulo,Título V,Título V - Do Ministério Público,Arts. 176 a 181,2015,,revisado,
cpc/parte-geral/livro-iii/titulo-vi,cpc,titulo,Título VI,Título VI - Da Advocacia Pública,Arts. 182 a 184,2015,,revisado,
cpc/parte-geral/livro-iii/titulo-vii,cpc,titulo,Título VII,Título VII - Da Defensoria Pública,Arts. 185 a 187,2015,,revisado,
cpc/parte-geral/livro-iv,cpc,livro,Livro IV,Livro IV - Atos Processuais,Arts. 188 a 293,2015,,revisado,
cpc/parte-geral/livro-iv/titulo-i,cpc,titulo,Título I,"Título I - Forma, Tempo e Lugar",Arts. 188 a 235,2015,,revisado,
cpc/parte-geral/livro-iv/titulo-ii,cpc,titulo,Título II,Título II - Da Comunicação,Arts. 236 a 275,2015,,revisado,
cpc/parte-geral/livro-iv/titulo-iii,cpc,titulo,Título III,Título III - Das Nulidades,Arts. 276 a 283,2015,,revisado,
cpc/parte-geral/livro-iv/titulo-iv,cpc,titulo,Título IV,Título IV - Distribuição e Registro,Arts. 284 a 290,2015,,revisado,
cpc/parte-geral/livro-iv/titulo-v,cpc,titulo,Título V,Título V - Do Valor da Causa,Arts. 291 a 293,2015,,revisado,
cpc/parte-geral/livro-v,cpc,livro,Livro V,Livro V - Tutela Provisória,Arts. 294 a 311,2015,,revisado,
cpc/parte-geral/livro-v/titulo-i,cpc,titulo,Título I,Título I - Disposições Gerais,Arts. 294 a 299,2015,,revisado,
cpc/parte-geral/livro-v/titulo-ii,cpc,titulo,Título II,Título II - Tutela de Urgência,Arts. 300 a 310,2015,,revisado,
cpc/parte-geral/livro-v/titulo-iii,cpc,titulo,Título III,Título III - Tutela da Evidência,Art. 311,2015,,revisado,
cpc/parte-geral/livro-vi,cpc,livro,Livro VI,Livro VI - Formação e Extinção,Arts. 312 a 317,2015,,revisado,
cpc/parte-geral/livro-vi/titulo-i,cpc,titulo,Título I,Título I - Da Formação,Art. 312,2015,,revisado,
cpc/parte-geral/livro-vi/titulo-ii,cpc,titulo,Título II,Título II - Da Suspensão,Arts. 313 a 315,2015,,revisado,
cpc/parte-geral/livro-vi/titulo-iii,cpc,titulo,Título III,Título III - Da Extinção,Arts. 316 a 317,2015,,revisado,
cpc/parte-especial,cpc,parte,Parte Especial,Parte Especial,Arts. 318 a 1.044,2015,,revisado,
cpc/parte-especial/livro-i,cpc,livro,Livro I,Livro I - Conhecimento e Cumprimento,Arts. 318 a 770,2015,,revisado,
cpc/parte-especial/livro-i/titulo-i,cpc,titulo,Título I,Título I - Procedimento Comum,Arts. 318 a 512,2015,,revisado,
cpc/parte-especial/livro-i/titulo-ii,cpc,titulo,Título II,Título II - Cumprimento de Sentença,Arts. 513 a 538,2015,,revisado,
cpc/parte-especial/livro-i/titulo-iii,cpc,titulo,Título III,Título III - Procedimentos Especiais,Arts. 539 a 770,2015,,revisado,
cpc/parte-especial/livro-ii,cpc,livro,Livro II,Livro II - Processo de Execução,Arts. 771 a 925,2015,,revisado,
cpc/parte-especial/livro-ii/titulo-i,cpc,titulo,Título I,Título I - Execução em Geral,Arts. 771 a 796,2015,,revisado,
cpc/parte-especial/livro-ii/titulo-ii,cpc,titulo,Título II,Título II - Espécies de Execução,Arts. 797 a 913,2015,,revisado,
cpc/parte-especial/livro-ii/titulo-iii,cpc,titulo,Título III,Título III - Embargos à Execução,Arts. 914 a 920,2015,,revisado,
cpc/parte-especial/livro-ii/titulo-iv,cpc,titulo,Título IV,Título IV - Suspensão e Extinção,Arts. 921 a 925,2015,,revisado,
cpc/parte-especial/livro-iii,cpc,livro,Livro III,Livro III - Processos nos Tribunais,Arts. 926 a 1.044,2015,,revisado,
cpc/parte-especial/livro-iii/titulo-i,cpc,titulo,Título I,Título I - Ordem dos Processos e Competência Originária,Arts. 926 a 993,2015,,revisado,
cpc/parte-especial/livro-iii/titulo-ii,cpc,titulo,Título II,Título II - Dos Recursos,Arts. 994 a 1.044,2015,,revisado,
cpc/livro-comp,cpc,livro,Livro Comp.,Livro Complementar,Arts. 1.045 a 1.072,2015,,revisado,
cp,cp,diploma,CP,Código Penal,"Decreto-Lei nº 2.848, de 7 de dezembro de 1940",1940,,revisado,urn:lex:br:federal:decreto.lei:1940-12-07;2848
cp/parte-geral,cp,parte,Parte Geral,Parte Geral,Arts. 1º a 120,1940,,revisado,
cp/parte-geral/titulo-i,cp,titulo,Título I,Título I - Da Aplicação da Lei Penal,Arts. 1º a 12,1940,,revisado,
cp/parte-geral/titulo-ii,cp,titulo,Título II,Título II - Do Crime,Arts. 13 a 25,1940,,revisado,
cp/parte-geral/titulo-iii,cp,titulo,Título III,Título III - Da Imputabilidade Penal,Arts. 26 a 28,1940,,revisado,
cp/parte-geral/titulo-iv,cp,titulo,Título IV,Título IV - Do Concurso de Pessoas,Arts. 29 a 31,1940,,revisado,
cp/parte-geral/titulo-v,cp,titulo,Título V,Título V - Das Penas,Arts. 32 a 95,1940,,revisado,
cp/parte-geral/titulo-vi,cp,titulo,Título VI,Título VI - Das Medidas de Segurança,Arts. 96 a 99,1940,,revisado,
cp/parte-geral/titulo-vii,cp,titulo,Título VII,Título VII - Da Ação Penal,Arts. 100 a 106,1940,,revisado,
cp/parte-geral/titulo-viii,cp,titulo,Título VIII,Título VIII - Extinção da Punibilidade,Arts. 107 a 120,1940,,revisado,
cp/parte-especial,cp,parte,Parte Especial,Parte Especial,Arts. 121 a 359-U,1940,,revisado,
cp/parte-especial/titulo-i,cp,titulo,Título I,Título I - Crimes Contra a Pessoa,Arts. 121 a 154-B,1940,,revisado,
cp/parte-especial/titulo-ii,cp,titulo,Título II,Título II - Crimes Contra o Patrimônio,Arts. 155 a 183,1940,,revisado,
cp/parte-especial/titulo-iii,cp,titulo,Título III,Título III - Crimes Contra a Propriedade Imaterial,Arts. 184 a 196,1940,,revisado,
cp/parte-especial/titulo-iv,cp,titulo,Título IV,Título IV - Crimes Contra a Organização do Trabalho,Arts. 197 a 207,1940,,revisado,
cp/parte-especial/titulo-v,cp,titulo,Título V,Título V - Crimes Contra Sentimento Religioso e Mortos,Arts. 208 a 212,1940,,revisado,
cp/parte-especial/titulo-vi,cp,titulo,Título VI,Título VI - Crimes Contra a Dignidade Sexual,Arts. 213 a 234-C,1940,,revisado,
cp/parte-especial/titulo-vii,cp,titulo,Título VII,Título VII - Crimes Contra a Família,Arts. 235 a 249,1940,,revisado,
cp/parte-especial/titulo-viii,cp,titulo,Título VIII,Título VIII - Crimes Contra a Incolumidade Pública,Arts. 250 a 285,1940,,revisado,
cp/parte-especial/titulo-ix,cp,titulo,Título IX,Título IX - Crimes Contra a Paz Pública,Arts. 286 a 288-A,1940,,revisado,
cp/parte-especial/titulo-x,cp,titulo,Título X,Título X - Crimes Contra a Fé Pública,Arts. 289 a 311-A,1940,,revisado,
cp/parte-especial/titulo-xi,cp,titulo,Título XI,Título XI - Crimes Contra a Administração Pública,Arts. 312 a 359-H,1940,,revisado,
cp/parte-especial/titulo-xii,cp,titulo,Título XII,Título XII - Crimes Contra o Estado Democrático de Direito,Arts. 359-I a 359-U,2021,,revisado,
cp/disposicoes-f,cp,divisao,Disposições F.,Disposições Finais,Arts. 360 e 361,1940,,revisado,
cpp,cpp,diploma,CPP,Código de Processo Penal,"Decreto-Lei nº 3.689, de 3 de outubro de 1941",1941,,revisado,urn:lex:br:federal:decreto.lei:1941-10-03;3689
cpp/livro-i,cpp,livro,Livro I,Livro I - Do Processo em Geral,Arts. 1º a 393,1941,,revisado,
cpp/livro-i/titulo-i,cpp,titulo,Título I,Título I - Disposições Preliminares,Arts. 1º a 3º-F,1941,,revisado,
cpp/livro-i/titulo-ii,cpp,titulo,Título II,Título II - Do Inquérito Policial,Arts. 4º a 23,1941,,revisado,
cpp/livro-i/titulo-iii,cpp,titulo,Título III,Título III - Da Ação Penal,Arts. 24 a 62,1941,,revisado,
cpp/livro-i/titulo-iv,cpp,titulo,Título IV,Título IV - Da Ação Civil,Arts. 63 a 68,1941,,revisado,
cpp/livro-i/titulo-v,cpp,titulo,Título V,Título V - Da Competência,Arts. 69 a 91,1941,,revisado,
cpp/livro-i/titulo-vi,cpp,titulo,Título VI,Título VI - Questões e Processos Incidentes,Arts. 92 a 154,1941,,revisado,
cpp/livro-i/titulo-vii,cpp,titulo,Título VII,Título VII - Da Prova,Arts. 155 a 250,1941,,revisado,
cpp/livro-i/titulo-viii,cpp,titulo,Título VIII,Título VIII - Sujeitos do Processo,Arts. 251 a 281,1941,,revisado,
cpp/livro-i/titulo-ix,cpp,titulo,Título IX,"Título IX - Prisão, Medidas Cautelares e Liberdade",Arts. 282 a 350,1941,,revisado,
cpp/livro-i/titulo-x,cpp,titulo,Título X,Título X - Das Citações e Intimações,Arts. 351 a 372,1941,,revisado,
cpp/livro-i/titulo-xi,cpp,titulo,Título XI,Título XI - Aplicação Provisória,Arts. 373 a 380,1941,,revisado,
cpp/livro-i/titulo-xii,cpp,titulo,Título XII,Título XII - Da Sentença,Arts. 381 a 393,1941,,revisado,
cpp/livro-ii,cpp,livro,Livro II,Livro II - Dos Processos em Espécie,Arts. 394 a 562,1941,,revisado,
cpp/livro-ii/titulo-i,cpp,titulo,Título I,Título I - Do Processo Comum,Arts. 394 a 497,1941,,revisado,
cpp/livro-ii/titulo-ii,cpp,titulo,Título II,Título II - Dos Processos Especiais,Arts. 503 a 548,1941,,revisado,
cpp/livro-ii/titulo-iii,cpp,titulo,Título III,Título III - Processos em Tribunais,Arts. 556 a 562,1941,,revisado,
cpp/livro-iii,cpp,livro,Livro III,Livro III - Das Nulidades e dos Recursos,Arts. 563 a 667,1941,,revisado,
cpp/livro-iii/titulo-i,cpp,titulo,Título I,Título I - Das Nulidades,Arts. 563 a 573,1941,,revisado,
cpp/livro-iii/titulo-ii,cpp,titulo,Título II,Título II - Dos Recursos em Geral,Arts. 574 a 667,1941,,revisado,
cpp/livro-iv,cpp,livro,Livro IV,Livro IV - Da Execução,Arts. 668 a 779,1941,,revisado,
cpp/livro-iv/titulo-i,cpp,titulo,Título I,Título I - Disposições Gerais,Arts. 668 a 673,1941,,revisado,
cpp/livro-iv/titulo-ii,cpp,titulo,Título II,Título II - Execução das Penas em Espécie,Arts. 674 a 709,1941,,revisado,
cpp/livro-iv/titulo-iii,cpp,titulo,Título III,Título III - Dos Incidentes da Execução,Arts. 710 a 733,1941,,revisado,
cpp/livro-iv/titulo-iv,cpp,titulo,Título IV,"Título IV - Graça, Indulto e Anistia",Arts. 734 a 750,1941,,revisado,
cpp/livro-iv/titulo-v,cpp,titulo,Título V,Título V - Execução das Medidas de Segurança,Arts. 751 a 779,1941,,revisado,
cpp/livro-v,cpp,livro,Livro V,Livro V - Relações Jurisdicionais,Arts. 780 a 790,1941,,revisado,
cpp/livro-vi,cpp,livro,Livro VI,Livro VI - Disposições Gerais,Arts. 791 a 811,1941,,revisado,
clt,clt,diploma,CLT,Consolidação das Leis do Trabalho,"Decreto-Lei nº 5.452, de 1º de maio de 1943",1943,,rascunho,urn:lex:br:federal:decreto.lei:1943-05-01;5452
clt/titulo-i,clt,titulo,Título I,Título I - Introdução,Arts. 1º a 12,1943,,rascunho,
clt/titulo-ii,clt,titulo,Título II,Título II - Das Normas Gerais de Tutela do Trabalho,Arts. 13 a 223,1943,,rascunho,
clt/titulo-ii/cap-i,clt,capitulo,Cap. I,Capítulo I - Da Identificação Profissional,Arts. 13 a 56,1943,,rascunho,
clt/titulo-ii/cap-ii,clt,capitulo,Cap. II,Capítulo II - Da Duração do Trabalho,Arts. 57 a 75,1943,,rascunho,
clt/titulo-ii/cap-ii-a,clt,capitulo,Cap. II-A,Capítulo II-A - Do Teletrabalho,Arts. 75-A a 75-F,2017,,rascunho,
clt/titulo-ii/cap-iii,clt,capitulo,Cap. III,Capítulo III - Do Salário Mínimo,Arts. 76 a 128,1943,,rascunho,
clt/titulo-ii/cap-iv,clt,capitulo,Cap. IV,Capítulo IV - Das Férias Anuais,Arts. 129 a 153,1943,,rascunho,
clt/titulo-ii/cap-v,clt,capitulo,Cap. V,Capítulo V - Da Segurança e da Medicina do Trabalho,Arts. 154 a 201,1943,,rascunho,
clt/titulo-ii-a,clt,titulo,Título II-A,Título II-A - Do Dano Extrapatrimonial,Arts. 223-A a 223-G,2017,,rascunho,
clt/titulo-iii,clt,titulo,Título III,Título III - Das Normas Especiais de Tutela do Trabalho,Arts. 224 a 441,1943,,rascunho,
clt/titulo-iii/cap-i,clt,capitulo,Cap. I,Capítulo I - Disposições Especiais sobre Duração e Condições de Trabalho,Arts. 224 a 351,1943,,rascunho,
clt/titulo-iii/cap-ii,clt,capitulo,Cap. II,Capítulo II - Da Nacionalização do Trabalho,Arts. 352 a 371,1943,,rascunho,
clt/titulo-iii/cap-iii,clt,capitulo,Cap. III,Capítulo III - Da Proteção do Trabalho da Mulher,Arts. 372 a 401-B,1943,,rascunho,
clt/titulo-iii/cap-iv,clt,capitulo,Cap. IV,Capítulo IV - Da Proteção do Trabalho do Menor,Arts. 402 a 441,1943,,rascunho,
clt/titulo-iv,clt,titulo,Título IV,Título IV - Do Contrato Individual do Trabalho,Arts. 442 a 510,1943,,rascunho,
clt/titulo-iv/cap-i,clt,capitulo,Cap. I,Capítulo I - Disposições Gerais,Arts. 442 a 456,1943,,rascunho,
clt/titulo-iv/cap-ii,clt,capitulo,Cap. II,Capítulo II - Da Remuneração,Arts. 457 a 467,1943,,rascunho,
clt/titulo-iv/cap-iii,clt,capitulo,Cap. III,Capítulo III - Da Alteração,Arts. 468 a 470,1943,,rascunho,
clt/titulo-iv/cap-iv,clt,capitulo,Cap. IV,Capítulo IV - Da Suspensão e da Interrupção,Arts. 471 a 476-A,1943,,rascunho,
clt/titulo-iv/cap-v,clt,capitulo,Cap. V,Capítulo V - Da Rescisão,Arts. 477 a 486,1943,,rascunho,
clt/titulo-iv/cap-vi,clt,capitulo,Cap. VI,Capítulo VI - Do Aviso Prévio,Arts. 487 a 491,1943,,rascunho,
clt/titulo-iv/cap-vii,clt,capitulo,Cap. VII,Capítulo VII - Da Estabilidade,Arts. 492 a 500,1943,,rascunho,
clt/titulo-iv/cap-viii,clt,capitulo,Cap. VIII,Capítulo VIII - Da Força Maior,Arts. 501 a 504,1943,,rascunho,
clt/titulo-iv/cap-ix,clt,capitulo,Cap. IX,Capítulo IX - Disposições Especiais,Arts. 505 a 510,1943,,rascunho,
clt/titulo-iv-a,clt,titulo,Título IV-A,Título IV-A - Da Representação dos Empregados,Arts. 510-A a 510-E,2017,,rascunho,
clt/titulo-v,clt,titulo,Título V,Título V - Da Organização Sindical,Arts. 511 a 610,1943,,rascunho,
clt/titulo-v/cap-i,clt,capitulo,Cap. I,Capítulo I - Da Instituição Sindical,Arts. 511 a 569,1943,,rascunho,
clt/titulo-v/cap-ii,clt,capitulo,Cap. II,Capítulo II - Do Enquadramento Sindical,Arts. 570 a 577,1943,,rascunho,
clt/titulo-v/cap-iii,clt,capitulo,Cap. III,Capítulo III - Da Contribuição Sindical,Arts. 578 a 610,1943,,rascunho,
clt/titulo-vi,clt,titulo,Título VI,Título VI - Convenções Coletivas de Trabalho,Arts. 611 a 625,1943,,rascunho,
clt/titulo-vi-a,clt,titulo,Título VI-A,Título VI-A - Das Comissões de Conciliação Prévia,Arts. 625-A a 625-H,2000,,rascunho,
clt/titulo-vii,clt,titulo,Título VII,Título VII - Do Processo de Multas Administrativas,Arts. 626 a 642,1943,,rascunho,
clt/titulo-vii-a,clt,titulo,Título VII-A,Título VII-A - Da Prova de Inexistência de Débitos Trabalhistas,Art. 642-A,2011,,rascunho,
clt/titulo-viii,clt,titulo,Título VIII,Título VIII - Da Justiça do Trabalho,Arts. 643 a 735,1943,,rascunho,
clt/titulo-viii/cap-i,clt,capitulo,Cap. I,Capítulo I - Introdução,Arts. 643 a 646,1943,,rascunho,
clt/titulo-viii/cap-ii,clt,capitulo,Cap. II,Capítulo II - Das Varas do Trabalho,Arts. 647 a 667,1943,,rascunho,
clt/titulo-viii/cap-iii,clt,capitulo,Cap. III,Capítulo III - Dos Juízos de Direito,Arts. 668 a 669,1943,,rascunho,
clt/titulo-viii/cap-iv,clt,capitulo,Cap. IV,Capítulo IV - Dos Tribunais Regionais do Trabalho,Arts. 670 a 689,1943,,rascunho,
clt/titulo-viii/cap-v,clt,capitulo,Cap. V,Capítulo V - Do Tribunal Superior do Trabalho,Arts. 690 a 709,1943,,rascunho,
clt/titulo-viii/cap-vi-viii,clt,capitulo,Caps. VI-VIII,"Capítulos VI a VIII - Serviços Auxiliares, Penalidades e Disposições Gerais",Arts. 710 a 735,1943,,rascunho,
clt/titulo-ix,clt,titulo,Título IX,Título IX - Do Ministério Público do Trabalho,Arts. 736 a 762,1943,,rascunho,
clt/titulo-x,clt,titulo,Título X,Título X - Do Processo Judiciário do Trabalho,Arts. 763 a 910,1943,,rascunho,
clt/titulo-x/cap-i,clt,capitulo,Cap. I,Capítulo I - Disposições Preliminares,Arts. 763 a 769,1943,,rascunho,
clt/titulo-x/cap-ii,clt,capitulo,Cap. II,Capítulo II - Do Processo em Geral,Arts. 770 a 836,1943,,rascunho,
clt/titulo-x/cap-iii,clt,capitulo,Cap. III,Capítulo III - Dos Dissídios Individuais,Arts. 837 a 855,1943,,rascunho,
clt/titulo-x/cap-iii-a,clt,capitulo,Cap. III-A,Capítulo III-A - Homologação de Acordo Extrajudicial,Arts. 855-B a 855-E,2017,,rascunho,
clt/titulo-x/cap-iv,clt,capitulo,Cap. IV,Capítulo IV - Dos Dissídios Coletivos,Arts. 856 a 875,1943,,rascunho,
clt/titulo-x/cap-v,clt,capitulo,Cap. V,Capítulo V - Da Execução,Arts. 876 a 892,1943,,rascunho,
clt/titulo-x/cap-vi,clt,capitulo,Cap. VI,Capítulo VI - Dos Recursos,Arts. 893 a 902,1943,,rascunho,
clt/titulo-x/cap-vii-viii,clt,capitulo,Caps. VII-VIII,Capítulos VII e VIII - Penalidades e Disposições Finais,Arts. 903 a 910,1943,,rascunho,
clt/titulo-xi,clt,titulo,Título XI,Título XI - Disposições Finais e Transitórias,Arts. 911 a 922,1943,,rascunho,
cdc,cdc,diploma,CDC,Código de Defesa do Consumidor,"Lei nº 8.078, de 11 de setembro de 1990",1990,,rascunho,urn:lex:br:federal:lei:1990-09-11;8078
cdc/titulo-i,cdc,titulo,Título I,Título I - Dos Direitos do Consumidor,Arts. 1º a 60,1990,,rascunho,
cdc/titulo-i/cap-i,cdc,capitulo,Cap. I,Capítulo I - Disposições Gerais,Arts. 1º a 3º,1990,,rascunho,
cdc/titulo-i/cap-ii,cdc,capitulo,Cap. II,Capítulo II - Da Política Nacional de Relações de Consumo,Arts. 4º e 5º,1990,,rascunho,
cdc/titulo-i/cap-iii,cdc,capitulo,Cap. III,Capítulo III - Dos Direitos Básicos do Consumidor,Arts. 6º e 7º,1990,,rascunho,
cdc/titulo-i/cap-iv,cdc,capitulo,Cap. IV,"Capítulo IV - Da Qualidade de Produtos e Serviços, da Prevenção e da Reparação dos Danos",Arts. 8º a 28,1990,,rascunho,
cdc/titulo-i/cap-v,cdc,capitulo,Cap. V,Capítulo V - Das Práticas Comerciais,Arts. 29 a 45,1990,,rascunho,
cdc/titulo-i/cap-vi,cdc,capitulo,Cap. VI,Capítulo VI - Da Proteção Contratual,Arts. 46 a 54-G,1990,,rascunho,
cdc/titulo-i/cap-vii,cdc,capitulo,Cap. VII,Capítulo VII - Das Sanções Administrativas,Arts. 55 a 60,1990,,rascunho,
cdc/titulo-ii,cdc,titulo,Título II,Título II - Das Infrações Penais,Arts. 61 a 80,1990,,rascunho,
cdc/titulo-iii,cdc,titulo,Título III,Título III - Da Defesa do Consumidor em Juízo,Arts. 81 a 104-C,1990,,rascunho,
cdc/titulo-iii/cap-i,cdc,capitulo,Cap. I,Capítulo I - Disposições Gerais,Arts. 81 a 90,1990,,rascunho,
cdc/titulo-iii/cap-ii,cdc,capitulo,Cap. II,Capítulo II - Das Ações Coletivas para a Defesa de Interesses Individuais Homogêneos,Arts. 91 a 100,1990,,rascunho,
cdc/titulo-iii/cap-iii,cdc,capitulo,Cap. III,Capítulo III - Das Ações de Responsabilidade do Fornecedor de Produtos e Serviços,Arts. 101 e 102,1990,,rascunho,
cdc/titulo-iii/cap-iv,cdc,capitulo,Cap. IV,Capítulo IV - Da Coisa Julgada,Arts. 103 e 104,1990,,rascunho,
cdc/titulo-iii/cap-v,cdc,capitulo,Cap. V,Capítulo V - Da Conciliação no Superendividamento,Arts. 104-A a 104-C,2021,,rascunho,
cdc/titulo-iv,cdc,titulo,Título IV,Título IV - Do Sistema Nacional de Defesa do Consumidor,Arts. 105 e 106,1990,,rascunho,
cdc/titulo-v,cdc,titulo,Título V,Título V - Da Convenção Coletiva de Consumo,Arts. 107 e 108,1990,,rascunho,
cdc/titulo-vi,cdc,titulo,Título VI,Título VI - Disposições Finais,Arts. 109 a 119,1990,,rascunho,
eca,eca,diploma,ECA,Estatuto da Criança e do Adolescente,"Lei nº 8.069, de 13 de julho de 1990",1990,,rascunho,urn:lex:br:federal:lei:1990-07-13;8069
eca/livro-i,eca,livro,Livro I,Livro I - Parte Geral,Arts. 1º a 85,1990,,rascunho,
eca/livro-i/titulo-i,eca,titulo,Título I,Título I - Das Disposições Preliminares,Arts. 1º a 6º,1990,,rascunho,
eca/livro-i/titulo-ii,eca,titulo,Título II,Título II - Dos Direitos Fundamentais,Arts. 7º a 69,1990,,rascunho,
eca/livro-i/titulo-ii/cap-i,eca,capitulo,Cap. I,Capítulo I - Do Direito à Vida e à Saúde,Arts. 7º a 14,1990,,rascunho,
eca/livro-i/titulo-ii/cap-ii,eca,capitulo,Cap. II,"Capítulo II - Do Direito à Liberdade, ao Respeito e à Dignidade",Arts. 15 a 18-B,1990,,rascunho,
eca/livro-i/titulo-ii/cap-iii,eca,capitulo,Cap. III,Capítulo III - Do Direito à Convivência Familiar e Comunitária,Arts. 19 a 52-D,1990,,rascunho,
eca/livro-i/titulo-ii/cap-iv,eca,capitulo,Cap. IV,"Capítulo IV - Do Direito à Educação, à Cultura, ao Esporte e ao Lazer",Arts. 53 a 59,1990,,rascunho,
eca/livro-i/titulo-ii/cap-v,eca,capitulo,Cap. V,Capítulo V - Do Direito à Profissionalização e à Proteção no Trabalho,Arts. 60 a 69,1990,,rascunho,
eca/livro-i/titulo-iii,eca,titulo,Título III,Título III - Da Prevenção,Arts. 70 a 85,1990,,rascunho,
eca/livro-i/titulo-iii/cap-i,eca,capitulo,Cap. I,Capítulo I - Disposições Gerais,Arts. 70 a 73,1990,,rascunho,
eca/livro-i/titulo-iii/cap-ii,eca,capitulo,Cap. II,Capítulo II - Da Prevenção Especial,Arts. 74 a 85,1990,,rascunho,
eca/livro-ii,eca,livro,Livro II,Livro II - Parte Especial,Arts. 86 a 258-F,1990,,rascunho,
eca/livro-ii/titulo-i,eca,titulo,Título I,Título I - Da Política de Atendimento,Arts. 86 a 97,1990,,rascunho,
eca/livro-ii/titulo-ii,eca,titulo,Título II,Título II - Das Medidas de Proteção,Arts. 98 a 102,1990,,rascunho,
eca/livro-ii/titulo-iii,eca,titulo,Título III,Título III - Da Prática de Ato Infracional,Arts. 103 a 128,1990,,rascunho,
eca/livro-ii/titulo-iii/cap-i-iii,eca,capitulo,Caps. I-III,"Capítulos I a III - Disposições Gerais, Direitos Individuais e Garantias Processuais",Arts. 103 a 111,1990,,rascunho,
eca/livro-ii/titulo-iii/cap-iv,eca,capitulo,Cap. IV,Capítulo IV - Das Medidas Socioeducativas,Arts. 112 a 125,1990,,rascunho,
eca/livro-ii/titulo-iii/cap-v,eca,capitulo,Cap. V,Capítulo V - Da Remissão,Arts. 126 a 128,1990,,rascunho,
eca/livro-ii/titulo-iv,eca,titulo,Título IV,Título IV - Das Medidas Pertinentes aos Pais ou Responsável,Arts. 129 e 130,1990,,rascunho,
eca/livro-ii/titulo-v,eca,titulo,Título V,Título V - Do Conselho Tutelar,Arts. 131 a 140,1990,,rascunho,
eca/livro-ii/titulo-vi,eca,titulo,Título VI,Título VI - Do Acesso à Justiça,Arts. 141 a 224,1990,,rascunho,
eca/livro-ii/titulo-vi/cap-i-ii,eca,capitulo,Caps. I-II,Capítulos I e II - Disposições Gerais e Justiça da Infância e da Juventude,Arts. 141 a 151,1990,,rascunho,
eca/livro-ii/titulo-vi/cap-iii,eca,capitulo,Cap. III,Capítulo III - Dos Procedimentos,Arts. 152 a 197-F,1990,,rascunho,
eca/livro-ii/titulo-vi/cap-iv,eca,capitulo,Cap. IV,Capítulo IV - Dos Recursos,Arts. 198 a 199-E,1990,,rascunho,
eca/livro-ii/titulo-vi/cap-v-vi,eca,capitulo,Caps. V-VI,Capítulos V e VI - Do Ministério Público e do Advogado,Arts. 200 a 207,1990,,rascunho,
eca/livro-ii/titulo-vi/cap-vii,eca,capitulo,Cap. VII,"Capítulo VII - Da Proteção Judicial dos Interesses Individuais, Difusos e Coletivos",Arts. 208 a 224,1990,,rascunho,
eca/livro-ii/titulo-vii,eca,titulo,Título VII,Título VII - Dos Crimes e das Infrações Administrativas,Arts. 225 a 258-F,1990,,rascunho,
eca/livro-ii/titulo-vii/cap-i,eca,capitulo,Cap. I,Capítulo I - Dos Crimes,Arts. 225 a 244-B,1990,,rascunho,
eca/livro-ii/titulo-vii/cap-ii,eca,capitulo,Cap. II,Capítulo II - Das Infrações Administrativas,Arts. 245 a 258-F,1990,,rascunho,
eca/disposicoes-finais,eca,divisao,Disp. Finais,Disposições Finais e Transitórias,Arts. 259 a 267,1990,,rascunho,
ctn,ctn,diploma,CTN,Código Tributário Nacional,"Lei nº 5.172, de 25 de outubro de 1966",1966,,rascunho,urn:lex:br:federal:lei:1966-10-25;5172
ctn/livro-primeiro,ctn,livro,Livro I,Livro Primeiro - Sistema Tributário Nacional,Arts. 1º a 95,1966,,rascunho,
ctn/livro-primeiro/titulo-i,ctn,titulo,Título I,Título I - Disposições Gerais,Arts. 1º a 5º,1966,,rascunho,
ctn/livro-primeiro/titulo-ii,ctn,titulo,Título II,Título II - Competência Tributária,Arts. 6º a 15,1966,,rascunho,
ctn/livro-primeiro/titulo-ii/cap-i,ctn,capitulo,Cap. I,Capítulo I - Disposições Gerais,Arts. 6º a 8º,1966,,rascunho,
ctn/livro-primeiro/titulo-ii/cap-ii,ctn,capitulo,Cap. II,Capítulo II - Limitações da Competência Tributária,Arts. 9º a 15,1966,,rascunho,
ctn/livro-primeiro/titulo-iii,ctn,titulo,Título III,Título III - Impostos,Arts. 16 a 76,1966,,rascunho,
ctn/livro-primeiro/titulo-iii/cap-i,ctn,capitulo,Cap. I,Capítulo I - Disposições Gerais,Arts. 16 a 18,1966,,rascunho,
ctn/livro-primeiro/titulo-iii/cap-ii,ctn,capitulo,Cap. II,Capítulo II - Impostos sobre o Comércio Exterior,Arts. 19 a 28,1966,,rascunho,
ctn/livro-primeiro/titulo-iii/cap-iii,ctn,capitulo,Cap. III,Capítulo III - Impostos sobre o Patrimônio e a Renda,Arts. 29 a 45,1966,,rascunho,
ctn/livro-primeiro/titulo-iii/cap-iv,ctn,capitulo,Cap. IV,Capítulo IV - Impostos sobre a Produção e a Circulação,Arts. 46 a 73,1966,,rascunho,
ctn/livro-primeiro/titulo-iii/cap-v,ctn,capitulo,Cap. V,Capítulo V - Impostos Especiais,Arts. 74 a 76,1966,,rascunho,
ctn/livro-primeiro/titulo-iv,ctn,titulo,Título IV,Título IV - Taxas,Arts. 77 a 80,1966,,rascunho,
ctn/livro-primeiro/titulo-v,ctn,titulo,Título V,Título V - Contribuição de Melhoria,Arts. 81 e 82,1966,,rascunho,
ctn/livro-primeiro/titulo-vi,ctn,titulo,Título VI,Título VI - Distribuições de Receitas Tributárias,Arts. 83 a 95,1966,,rascunho,
ctn/livro-segundo,ctn,livro,Livro II,Livro Segundo - Normas Gerais de Direito Tributário,Arts. 96 a 218,1966,,rascunho,
ctn/livro-segundo/titulo-i,ctn,titulo,Título I,Título I - Legislação Tributária,Arts. 96 a 112,1966,,rascunho,
ctn/livro-segundo/titulo-i/cap-i,ctn,capitulo,Cap. I,Capítulo I - Disposições Gerais,Arts. 96 a 100,1966,,rascunho,
ctn/livro-segundo/titulo-i/cap-ii,ctn,capitulo,Cap. II,Capítulo II - Vigência da Legislação Tributária,Arts. 101 a 104,1966,,rascunho,
ctn/livro-segundo/titulo-i/cap-iii,ctn,capitulo,Cap. III,Capítulo III - Aplicação da Legislação Tributária,Arts. 105 e 106,1966,,rascunho,
ctn/livro-segundo/titulo-i/cap-iv,ctn,capitulo,Cap. IV,Capítulo IV - Interpretação e Integração da Legislação Tributária,Arts. 107 a 112,1966,,rascunho,
ctn/livro-segundo/titulo-ii,ctn,titulo,Título II,Título II - Obrigação Tributária,Arts. 113 a 138,1966,,rascunho,
ctn/livro-segundo/titulo-ii/cap-i,ctn,capitulo,Cap. I,Capítulo I - Disposições Gerais,Art. 113,1966,,rascunho,
ctn/livro-segundo/titulo-ii/cap-ii,ctn,capitulo,Cap. II,Capítulo II - Fato Gerador,Arts. 114 a 118,1966,,rascunho,
ctn/livro-segundo/titulo-ii/cap-iii,ctn,capitulo,Cap. III,Capítulo III - Sujeito Ativo,Arts. 119 e 120,1966,,rascunho,
ctn/livro-segundo/titulo-ii/cap-iv,ctn,capitulo,Cap. IV,Capítulo IV - Sujeito Passivo,Arts. 121 a 127,1966,,rascunho,
ctn/livro-segundo/titulo-ii/cap-v,ctn,capitulo,Cap. V,Capítulo V - Responsabilidade Tributária,Arts. 128 a 138,1966,,rascunho,
ctn/livro-segundo/titulo-iii,ctn,titulo,Título III,Título III - Crédito Tributário,Arts. 139 a 193,1966,,rascunho,
ctn/livro-segundo/titulo-iii/cap-i,ctn,capitulo,Cap. I,Capítulo I - Disposições Gerais,Arts. 139 a 141,1966,,rascunho,
ctn/livro-segundo/titulo-iii/cap-ii,ctn,capitulo,Cap. II,Capítulo II - Constituição de Crédito Tributário,Arts. 142 a 150,1966,,rascunho,
ctn/livro-segundo/titulo-iii/cap-iii,ctn,capitulo,Cap. III,Capítulo III - Suspensão do Crédito Tributário,Arts. 151 a 155-A,1966,,rascunho,
ctn/livro-segundo/titulo-iii/cap-iv,ctn,capitulo,Cap. IV,Capítulo IV - Extinção do Crédito Tributário,Arts. 156 a 174,1966,,rascunho,
ctn/livro-segundo/titulo-iii/cap-v,ctn,capitulo,Cap. V,Capítulo V - Exclusão de Crédito Tributário,Arts. 175 a 182,1966,,rascunho,
ctn/livro-segundo/titulo-iii/cap-vi,ctn,capitulo,Cap. VI,Capítulo VI - Garantias e Privilégios do Crédito Tributário,Arts. 183 a 193,1966,,rascunho,
ctn/livro-segundo/titulo-iv,ctn,titulo,Título IV,Título IV - Administração Tributária,Arts. 194 a 208,1966,,rascunho,
ctn/livro-segundo/titulo-iv/cap-i,ctn,capitulo,Cap. I,Capítulo I - Fiscalização,Arts. 194 a 200,1966,,rascunho,
ctn/livro-segundo/titulo-iv/cap-ii,ctn,capitulo,Cap. II,Capítulo II - Dívida Ativa,Arts. 201 a 204,1966,,rascunho,
ctn/livro-segundo/titulo-iv/cap-iii,ctn,capitulo,Cap. III,Capítulo III - Certidões Negativas,Arts. 205 a 208,1966,,rascunho,
ctn/livro-segundo/disposicoes-finais,ctn,divisao,Disp. Finais,Disposições Finais e Transitórias,Arts. 209 a 218,1966,,rascunho,
l14133,l14133,diploma,Lei 14.133,Lei de Licitações e Contratos Administrativos,"Lei nº 14.133, de 1º de abril de 2021",2021,,rascunho,urn:lex:br:federal:lei:2021-04-01;14133
l14133/titulo-i,l14133,titulo,Título I,Título I - Disposições Preliminares,Arts. 1º a 10,2021,,rascunho,
l14133/titulo-i/cap-i,l14133,capitulo,Cap. I,Capítulo I - Do Âmbito de Aplicação desta Lei,Arts. 1º a 4º,2021,,rascunho,
l14133/titulo-i/cap-ii,l14133,capitulo,Cap. II,Capítulo II - Dos Princípios,Art. 5º,2021,,rascunho,
l14133/titulo-i/cap-iii,l14133,capitulo,Cap. III,Capítulo III - Das Definições,Art. 6º,2021,,rascunho,
l14133/titulo-i/cap-iv,l14133,capitulo,Cap. IV,Capítulo IV - Dos Agentes Públicos,Arts. 7º a 10,2021,,rascunho,
l14133/titulo-ii,l14133,titulo,Título II,Título II - Das Licitações,Arts. 11 a 88,2021,,rascunho,
l14133/titulo-ii/processo-licitatorio,l14133,divisao,Processo,Do Processo Licitatório,Arts. 11 a 17,2021,,rascunho,
l14133/titulo-ii/fase-preparatoria,l14133,divisao,Fase prep.,Da Fase Preparatória,Arts. 18 a 27,2021,,rascunho,
l14133/titulo-ii/modalidades,l14133,divisao,Modalidades,Das Modalidades de Licitação,Arts. 28 a 32,2021,,rascunho,
l14133/titulo-ii/criterios-julgamento,l14133,divisao,Julgamento,Dos Critérios de Julgamento,Arts. 33 a 39,2021,,rascunho,
l14133/titulo-ii/disposicoes-setoriais,l14133,divisao,Setoriais,Das Disposições Setoriais,Arts. 40 a 52,2021,,rascunho,
l14133/titulo-ii/edital-propostas,l14133,divisao,Edital e lances,"Da Divulgação do Edital, das Propostas e dos Lances",Arts. 53 a 61,2021,,rascunho,
l14133/titulo-ii/habilitacao,l14133,divisao,Habilitação,Da Habilitação,Arts. 62 a 70,2021,,rascunho,
l14133/titulo-ii/encerramento,l14133,divisao,Encerramento,Do Encerramento da Licitação,Art. 71,2021,,rascunho,
l14133/titulo-ii/contratacao-direta,l14133,divisao,Contr. direta,Da Contratação Direta,Arts. 72 a 75,2021,,rascunho,
l14133/titulo-ii/alienacoes,l14133,divisao,Alienações,Das Alienações,Art. 76,2021,,rascunho,
l14133/titulo-ii/instrumentos-auxiliares,l14133,divisao,Instr. auxiliares,Dos Instrumentos Auxiliares,Arts. 77 a 88,2021,,rascunho,
l14133/titulo-iii,l14133,titulo,Título III,Título III - Dos Contratos Administrativos,Arts. 89 a 154,2021,,rascunho,
l14133/titulo-iii/cap-i,l14133,capitulo,Cap. I,Capítulo I - Da Formalização dos Contratos,Arts. 89 a 95,2021,,rascunho,
l14133/titulo-iii/cap-ii,l14133,capitulo,Cap. II,Capítulo II - Das Garantias,Arts. 96 a 102,2021,,rascunho,
l14133/titulo-iii/cap-iii-iv,l14133,capitulo,Caps. III-IV,Capítulos III e IV - Alocação de Riscos e Prerrogativas da Administração,Arts. 103 e 104,2021,,rascunho,
l14133/titulo-iii/cap-v,l14133,capitulo,Cap. V,Capítulo V - Da Duração dos Contratos,Arts. 105 a 114,2021,,rascunho,
l14133/titulo-iii/cap-vi,l14133,capitulo,Cap. VI,Capítulo VI - Da Execução dos Contratos,Arts. 115 a 123,2021,,rascunho,
l14133/titulo-iii/cap-vii,l14133,capitulo,Cap. VII,Capítulo VII - Da Alteração dos Contratos e dos Preços,Arts. 124 a 136,2021,,rascunho,
l14133/titulo-iii/cap-viii,l14133,capitulo,Cap. VIII,Capítulo VIII - Das Hipóteses de Extinção dos Contratos,Arts. 137 a 139,2021,,rascunho,
l14133/titulo-iii/cap-ix-x,l14133,capitulo,Caps. IX-X,Capítulos IX e X - Recebimento do Objeto e Pagamento,Arts. 140 a 146,2021,,rascunho,
l14133/titulo-iii/cap-xi,l14133,capitulo,Cap. XI,Capítulo XI - Da Nulidade dos Contratos,Arts. 147 a 150,2021,,rascunho,
l14133/titulo-iii/cap-xii,l14133,capitulo,Cap. XII,Capítulo XII - Dos Meios Alternativos de Resolução de Controvérsias,Arts. 151 a 154,2021,,rascunho,
l14133/titulo-iv,l14133,titulo,Título IV,Título IV - Das Irregularidades,Arts. 155 a 173,2021,,rascunho,
l14133/titulo-iv/cap-i,l14133,capitulo,Cap. I,Capítulo I - Das Infrações e Sanções Administrativas,Arts. 155 a 163,2021,,rascunho,
l14133/titulo-iv/cap-ii,l14133,capitulo,Cap. II,"Capítulo II - Das Impugnações, dos Pedidos de Esclarecimento e dos Recursos",Arts. 164 a 168,2021,,rascunho,
l14133/titulo-iv/cap-iii,l14133,capitulo,Cap. III,Capítulo III - Do Controle das Contratações,Arts. 169 a 173,2021,,rascunho,
l14133/titulo-v,l14133,titulo,Título V,Título V - Disposições Gerais,Arts. 174 a 194,2021,,rascunho,
l14133/titulo-v/pncp,l14133,divisao,PNCP,Do Portal Nacional de Contratações Públicas,Arts. 174 a 176,2021,,rascunho,
l14133/titulo-v/alteracoes,l14133,divisao,Alterações,Das Alterações Legislativas,Arts. 177 a 178,2021,,rascunho,
l14133/titulo-v/transitorias,l14133,divisao,Transitórias,Disposições Transitórias e Finais,Arts. 179 a 194,2021,,rascunho,
l9784,l9784,diploma,Lei 9.784,Lei do Processo Administrativo Federal,"Lei nº 9.784, de 29 de janeiro de 1999",1999,,rascunho,urn:lex:br:federal:lei:1999-01-29;9784
l9784/cap-i,l9784,capitulo,Cap. I,Capítulo I - Das Disposições Gerais,Arts. 1º e 2º,1999,,rascunho,
l9784/cap-ii-iii,l9784,capitulo,Caps. II-III,Capítulos II e III - Dos Direitos e dos Deveres dos Administrados,Arts. 3º e 4º,1999,,rascunho,
l9784/cap-iv-v,l9784,capitulo,Caps. IV-V,Capítulos IV e V - Do Início do Processo e dos Interessados,Arts. 5º a 10,1999,,rascunho,
l9784/cap-vi,l9784,capitulo,Cap. VI,Capítulo VI - Da Competência,Arts. 11 a 17,1999,,rascunho,
l9784/cap-vii,l9784,capitulo,Cap. VII,Capítulo VII - Dos Impedimentos e da Suspeição,Arts. 18 a 21,1999,,rascunho,
l9784/cap-viii-ix,l9784,capitulo,Caps. VIII-IX,"Capítulos VIII e IX - Da Forma, Tempo e Lugar dos Atos e da Comunicação",Arts. 22 a 28,1999,,rascunho,
l9784/cap-x,l9784,capitulo,Cap. X,Capítulo X - Da Instrução,Arts. 29 a 47,1999,,rascunho,
l9784/cap-xi-xii,l9784,capitulo,Caps. XI-XII,Capítulos XI e XII - Do Dever de Decidir e da Motivação,Arts. 48 a 50,1999,,rascunho,
l9784/cap-xiii,l9784,capitulo,Cap. XIII,Capítulo XIII - Da Desistência e Outros Casos de Extinção do Processo,Arts. 51 e 52,1999,,rascunho,
l9784/cap-xiv,l9784,capitulo,Cap. XIV,"Capítulo XIV - Da Anulação, Revogação e Convalidação",Arts. 53 a 55,1999,,rascunho,
l9784/cap-xv,l9784,capitulo,Cap. XV,Capítulo XV - Do Recurso Administrativo e da Revisão,Arts. 56 a 65,1999,,rascunho,
l9784/cap-xvi-xvii,l9784,capitulo,Caps. XVI-XVII,Capítulos XVI e XVII - Dos Prazos e das Sanções,Arts. 66 a 68,1999,,rascunho,
l9784/cap-xviii,l9784,capitulo,Cap. XVIII,Capítulo XVIII - Das Disposições Finais,Arts. 69 a 70,1999,,rascunho,
lep,lep,diploma,LEP,Lei de Execução Penal,"Lei nº 7.210, de 11 de julho de 1984",1984,,rascunho,urn:lex:br:federal:lei:1984-07-11;7210
lep/titulo-i,lep,titulo,Título I,Título I - Do Objeto e da Aplicação da Lei de Execução Penal,Arts. 1º a 4º,1984,,rascunho,
lep/titulo-ii,lep,titulo,Título II,Título II - Do Condenado e do Internado,Arts. 5º a 60,1984,,rascunho,
lep/titulo-ii/cap-i,lep,capitulo,Cap. I,Capítulo I - Da Classificação,Arts. 5º a 9º-A,1984,,rascunho,
lep/titulo-ii/cap-ii,lep,capitulo,Cap. II,Capítulo II - Da Assistência,Arts. 10 a 27,1984,,rascunho,
lep/titulo-ii/cap-iii,lep,capitulo,Cap. III,Capítulo III - Do Trabalho,Arts. 28 a 37,1984,,rascunho,
lep/titulo-ii/cap-iv,lep,capitulo,Cap. IV,"Capítulo IV - Dos Deveres, dos Direitos e da Disciplina",Arts. 38 a 60,1984,,rascunho,
lep/titulo-iii,lep,titulo,Título III,Título III - Dos Órgãos da Execução Penal,Arts. 61 a 81-B,1984,,rascunho,
lep/titulo-iii/cap-i-ii,lep,capitulo,Caps. I-II,Capítulos I e II - Disposições Gerais e Conselho Nacional de Política Criminal e Penitenciária,Arts. 61 a 64,1984,,rascunho,
lep/titulo-iii/cap-iii,lep,capitulo,Cap. III,Capítulo III - Do Juízo da Execução,Arts. 65 e 66,1984,,rascunho,
lep/titulo-iii/cap-iv-v,lep,capitulo,Caps. IV-V,Capítulos IV e V - Do Ministério Público e do Conselho Penitenciário,Arts. 67 a 70,1984,,rascunho,
lep/titulo-iii/cap-vi-ix,lep,capitulo,Caps. VI-IX,"Capítulos VI a IX - Departamentos Penitenciários, Patronato, Conselho da Comunidade e Defensoria Pública",Arts. 71 a 81-B,1984,,rascunho,
lep/titulo-iv,lep,titulo,Título IV,Título IV - Dos Estabelecimentos Penais,Arts. 82 a 104,1984,,rascunho,
lep/titulo-iv/cap-i,lep,capitulo,Cap. I,Capítulo I - Disposições Gerais,Arts. 82 a 86,1984,,rascunho,
lep/titulo-iv/cap-ii-iv,lep,capitulo,Caps. II-IV,"Capítulos II a IV - Penitenciária, Colônia e Casa do Albergado",Arts. 87 a 95,1984,,rascunho,
lep/titulo-iv/cap-v-vii,lep,capitulo,Caps. V-VII,"Capítulos V a VII - Centro de Observação, Hospital de Custódia e Cadeia Pública",Arts. 96 a 104,1984,,rascunho,
lep/titulo-v,lep,titulo,Título V,Título V - Da Execução das Penas em Espécie,Arts. 105 a 170,1984,,rascunho,
lep/titulo-v/cap-i,lep,capitulo,Cap. I,Capítulo I - Das Penas Privativas de Liberdade,Arts. 105 a 146-D,1984,,rascunho,
lep/titulo-v/cap-ii,lep,capitulo,Cap. II,Capítulo II - Das Penas Restritivas de Direitos,Arts. 147 a 155,1984,,rascunho,
lep/titulo-v/cap-iii,lep,capitulo,Cap. III,Capítulo III - Da Suspensão Condicional,Arts. 156 a 163,1984,,rascunho,
lep/titulo-v/cap-iv,lep,capitulo,Cap. IV,Capítulo IV - Da Pena de Multa,Arts. 164 a 170,1984,,rascunho,
lep/titulo-vi,lep,titulo,Título VI,Título VI - Da Execução das Medidas de Segurança,Arts. 171 a 179,1984,,rascunho,
lep/titulo-vii,lep,titulo,Título VII,Título VII - Dos Incidentes de Execução,Arts. 180 a 193,1984,,rascunho,
lep/titulo-vii/cap-i,lep,capitulo,Cap. I,Capítulo I - Das Conversões,Arts. 180 a 184,1984,,rascunho,
lep/titulo-vii/cap-ii,lep,capitulo,Cap. II,Capítulo II - Do Excesso ou Desvio,Arts. 185 e 186,1984,,rascunho,
lep/titulo-vii/cap-iii,lep,capitulo,Cap. III,Capítulo III - Da Anistia e do Indulto,Arts. 187 a 193,1984,,rascunho,
lep/titulo-viii,lep,titulo,Título VIII,Título VIII - Do Procedimento Judicial,Arts. 194 a 197,1984,,rascunho,
lep/titulo-ix,lep,titulo,Título IX,Título IX - Das Disposições Finais e Transitórias,Arts. 198 a 204,1984,,rascunho,
